Empresa solicitante,Endereço,Nome do Solicitante
EMPRESA FANTASIA,"Rua Sem Informção, S/N - Bairro Sem Informação, São Paulo/SP",Fulano de Tal
EMPRESA FANTASIA,"Rua Sem Informção, S/N - Bairro Sem Informação, São Paulo/SP",Fulano de Tal
EMPRESA FANTASIA,"Rua Sem Informção, S/N - Bairro Sem Informação, São Paulo/SP",Fulano de Tal
EMPRESA FANTASIA,"Rua Sem Informção, S/N - Bairro Sem Informação, São Paulo/SP",Fulano de Tal
EMPRESA FANTASIA,"Rua Sem Informção, S/N - Bairro Sem Informação, São Paulo/SP",Fulano de Tal
EMPRESA FANTASIA,"Rua Sem Informção, S/N - Bairro Sem Informação, São Paulo/SP",Fulano de Tal
EMPRESA FANTASIA,"Rua Sem Informção, S/N - Bairro Sem Informação, São Paulo/SP",Fulano de Tal
EMPRESA FANTASIA,"Rua Sem Informção, S/N - Bairro Sem Informação, São Paulo/SP",Fulano de Tal
EMPRESA FANTASIA,"Rua Sem Informção, S/N - Bairro Sem Informação, São Paulo/SP",Fulano de Tal
EMPRESA FANTASIA,"Rua Sem Informção, S/N - Bairro Sem Informação, São Paulo/SP",Fulano de Tal
EMPRESA FANTASIA,"Rua Sem Informção, S/N - Bairro Sem Informação, São Paulo/SP",Fulano de Tal
EMPRESA FANTASIA,"Rua Sem Informção, S/N - Bairro Sem Informação, São Paulo/SP",Fulano de Tal
EMPRESA FANTASIA,"Rua Sem Informção, S/N - Bairro Sem Informação, São Paulo/SP",Fulano de Tal
EMPRESA FANTASIA,"Rua Sem Informção, S/N - Bairro Sem Informação, São Paulo/SP",Fulano de Tal
EMPRESA FANTASIA,"Rua Sem Informção, S/N - Bairro Sem Informação, São Paulo/SP",Fulano de Tal
EMPRESA FANTASIA,"Rua Sem Informção, S/N - Bairro Sem Informação, São Paulo/SP",Fulano de Tal
EMPRESA FANTASIA,"Rua Sem Informção, S/N - Bairro Sem Informação, São Paulo/SP",Fulano de Tal
EMPRESA FANTASIA,"Rua Sem Informção, S/N - Bairro Sem Informação, São Paulo/SP",Fulano de Tal
EMPRESA FANTASIA,"Rua Sem Informção, S/N - Bairro Sem Informação, São Paulo/SP",Fulano de Tal
EMPRESA FANTASIA,"Rua Sem Informção, S/N - Bairro Sem Informação, São Paulo/SP",Fulano de Tal
EMPRESA FANTASIA,"Rua Sem Informção, S/N - Bairro Sem Informação, São Paulo/SP",Fulano de Tal
EMPRESA FANTASIA,"Rua Sem Informção, S/N - Bairro Sem Informação, São Paulo/SP",Fulano de Tal
EMPRESA FANTASIA,"Rua Sem Informção, S/N - Bairro Sem Informação, São Paulo/SP",Fulano de Tal
EMPRESA FANTASIA,"Rua Sem Informção, S/N - Bairro Sem Informação, São Paulo/SP",Fulano de Tal
EMPRESA FANTASIA,"Rua Sem Informção, S/N - Bairro Sem Informação, São Paulo/SP",Fulano de Tal
EMPRESA FANTASIA,"Rua Sem Informção, S/N - Bairro Sem Informação, São Paulo/SP",Fulano de Tal
EMPRESA FANTASIA,"Rua Sem Informção, S/N - Bairro Sem Informação, São Paulo/SP",Fulano de Tal
EMPRESA FANTASIA,"Rua Sem Informção, S/N - Bairro Sem Informação, São Paulo/SP",Fulano de Tal
EMPRESA FANTASIA,"Rua Sem Informção, S/N - Bairro Sem Informação, São Paulo/SP",Fulano de Tal
EMPRESA FANTASIA,"Rua Sem Informção, S/N - Bairro Sem Informação, São Paulo/SP",Fulano de Tal
EMPRESA FANTASIA,"Rua Sem Informção, S/N - Bairro Sem Informação, São Paulo/SP",Fulano de Tal
EMPRESA FANTASIA,"Rua Sem Informção, S/N - Bairro Sem Informação, São Paulo/SP",Fulano de Tal
EMPRESA FANTASIA,"Rua Sem Informção, S/N - Bairro Sem Informação, São Paulo/SP",Fulano de Tal
EMPRESA FANTASIA,"Rua Sem Informção, S/N - Bairro Sem Informação, São Paulo/SP",Fulano de Tal
EMPRESA FANTASIA,"Rua Sem Informção, S/N - Bairro Sem Informação, São Paulo/SP",Fulano de Tal
EMPRESA FANTASIA,"Rua Sem Informção, S/N - Bairro Sem Informação, São Paulo/SP",Fulano de Tal
EMPRESA FANTASIA,"Rua Sem Informção, S/N - Bairro Sem Informação, São Paulo/SP",Fulano de Tal
EMPRESA FANTASIA,"Rua Sem Informção, S/N - Bairro Sem Informação, São Paulo/SP",Fulano de Tal
EMPRESA FANTASIA,"Rua Sem Informção, S/N - Bairro Sem Informação, São Paulo/SP",Fulano de Tal
EMPRESA FANTASIA,"Rua Sem Informção, S/N - Bairro Sem Informação, São Paulo/SP",Fulano de Tal
EMPRESA FANTASIA,"Rua Sem Informção, S/N - Bairro Sem Informação, São Paulo/SP",Fulano de Tal
EMPRESA FANTASIA,"Rua Sem Informção, S/N - Bairro Sem Informação, São Paulo/SP",Fulano de Tal
EMPRESA FANTASIA,"Rua Sem Informção, S/N - Bairro Sem Informação, São Paulo/SP",Fulano de Tal
EMPRESA FANTASIA,"Rua Sem Informção, S/N - Bairro Sem Informação, São Paulo/SP",Fulano de Tal
EMPRESA FANTASIA,"Rua Sem Informção, S/N - Bairro Sem Informação, São Paulo/SP",Fulano de Tal
EMPRESA FANTASIA,"Rua Sem Informção, S/N - Bairro Sem Informação, São Paulo/SP",Fulano de Tal
EMPRESA FANTASIA,"Rua Sem Informção, S/N - Bairro Sem Informação, São Paulo/SP",Fulano de Tal
EMPRESA FANTASIA,"Rua Sem Informção, S/N - Bairro Sem Informação, São Paulo/SP",Fulano de Tal
EMPRESA FANTASIA,"Rua Sem Informção, S/N - Bairro Sem Informação, São Paulo/SP",Fulano de Tal
EMPRESA FANTASIA,"Rua Sem Informção, S/N - Bairro Sem Informação, São Paulo/SP",Fulano de Tal
EMPRESA FANTASIA,"Rua Sem Informção, S/N - Bairro Sem Informação, São Paulo/SP",Fulano de Tal
EMPRESA FANTASIA,"Rua Sem Informção, S/N - Bairro Sem Informação, São Paulo/SP",Fulano de Tal
EMPRESA FANTASIA,"Rua Sem Informção, S/N - Bairro Sem Informação, São Paulo/SP",Fulano de Tal
EMPRESA FANTASIA,"Rua Sem Informção, S/N - Bairro Sem Informação, São Paulo/SP",Fulano de Tal
EMPRESA FANTASIA,"Rua Sem Informção, S/N - Bairro Sem Informação, São Paulo/SP",Fulano de Tal
EMPRESA FANTASIA,"Rua Sem Informção, S/N - Bairro Sem Informação, São Paulo/SP",Fulano de Tal
EMPRESA FANTASIA,"Rua Sem Informção, S/N - Bairro Sem Informação, São Paulo/SP",Fulano de Tal
EMPRESA FANTASIA,"Rua Sem Informção, S/N - Bairro Sem Informação, São Paulo/SP",Fulano de Tal
EMPRESA FANTASIA,"Rua Sem Informção, S/N - Bairro Sem Informação, São Paulo/SP",Fulano de Tal
EMPRESA FANTASIA,"Rua Sem Informção, S/N - Bairro Sem Informação, São Paulo/SP",Fulano de Tal
EMPRESA FANTASIA,"Rua Sem Informção, S/N - Bairro Sem Informação, São Paulo/SP",Fulano de Tal
EMPRESA FANTASIA,"Rua Sem Informção, S/N - Bairro Sem Informação, São Paulo/SP",Fulano de Tal
EMPRESA FANTASIA,"Rua Sem Informção, S/N - Bairro Sem Informação, São Paulo/SP",Fulano de Tal
EMPRESA FANTASIA,"Rua Sem Informção, S/N - Bairro Sem Informação, São Paulo/SP",Fulano de Tal
EMPRESA FANTASIA,"Rua Sem Informção, S/N - Bairro Sem Informação, São Paulo/SP",Fulano de Tal
EMPRESA FANTASIA,"Rua Sem Informção, S/N - Bairro Sem Informação, São Paulo/SP",Fulano de Tal
EMPRESA FANTASIA,"Rua Sem Informção, S/N - Bairro Sem Informação, São Paulo/SP",Fulano de Tal
EMPRESA FANTASIA,"Rua Sem Informção, S/N - Bairro Sem Informação, São Paulo/SP",Fulano de Tal
EMPRESA FANTASIA,"Rua Sem Informção, S/N - Bairro Sem Informação, São Paulo/SP",Fulano de Tal
EMPRESA FANTASIA,"Rua Sem Informção, S/N - Bairro Sem Informação, São Paulo/SP",Fulano de Tal
EMPRESA FANTASIA,"Rua Sem Informção, S/N - Bairro Sem Informação, São Paulo/SP",Fulano de Tal
EMPRESA FANTASIA,"Rua Sem Informção, S/N - Bairro Sem Informação, São Paulo/SP",Fulano de Tal
EMPRESA FANTASIA,"Rua Sem Informção, S/N - Bairro Sem Informação, São Paulo/SP",Fulano de Tal
EMPRESA FANTASIA,"Rua Sem Informção, S/N - Bairro Sem Informação, São Paulo/SP",Fulano de Tal
EMPRESA FANTASIA,"Rua Sem Informção, S/N - Bairro Sem Informação, São Paulo/SP",Fulano de Tal
EMPRESA FANTASIA,"Rua Sem Informção, S/N - Bairro Sem Informação, São Paulo/SP",Fulano de Tal
EMPRESA FANTASIA,"Rua Sem Informção, S/N - Bairro Sem Informação, São Paulo/SP",Fulano de Tal
EMPRESA FANTASIA,"Rua Sem Informção, S/N - Bairro Sem Informação, São Paulo/SP",Fulano de Tal
EMPRESA FANTASIA,"Rua Sem Informção, S/N - Bairro Sem Informação, São Paulo/SP",Fulano de Tal
EMPRESA FANTASIA,"Rua Sem Informção, S/N - Bairro Sem Informação, São Paulo/SP",Fulano de Tal
EMPRESA FANTASIA,"Rua Sem Informção, S/N - Bairro Sem Informação, São Paulo/SP",Fulano de Tal
EMPRESA FANTASIA,"Rua Sem Informção, S/N - Bairro Sem Informação, São Paulo/SP",Fulano de Tal
EMPRESA FANTASIA,"Rua Sem Informção, S/N - Bairro Sem Informação, São Paulo/SP",Fulano de Tal
EMPRESA FANTASIA,"Rua Sem Informção, S/N - Bairro Sem Informação, São Paulo/SP",Fulano de Tal
EMPRESA FANTASIA,"Rua Sem Informção, S/N - Bairro Sem Informação, São Paulo/SP",Fulano de Tal
EMPRESA FANTASIA,"Rua Sem Informção, S/N - Bairro Sem Informação, São Paulo/SP",Fulano de Tal
